[{
  "_id": {
    "$oid": "645f5facc3350d48807f3568"
  },
  "id": 1,
  "title": "used breast pump",
  "price": 109.95,
  "description": "used breast pump",
  "category": "Accessory",
  "image": "https://sc04.alicdn.com/kf/H03c61bfa38a24495a52fb67a5ca9956ei.jpg",
  "rating": {
    "rate": 3.9,
    "count": 120
  },
  "product": "used breast pump",
  "productname": "piece used breast pump"
},{
  "_id": {
    "$oid": "6461c274c3350d48807f356b"
  },
  "id": 2,
  "title": "used breast pump",
  "price": 10.99,
  "description": "used breast pump",
  "category": "Accessory",
  "image": "https://m.media-amazon.com/images/I/51opCECXG-L.__AC_SX300_SY300_QL70_ML2_.jpg",
  "rating": {
    "rate": 1.9,
    "count": 100
  },
  "product": "used breast pump",
  "productname": "manual breast pump"
},{
  "_id": {
    "$oid": "6461c2e3c3350d48807f356d"
  },
  "id": 3,
  "title": "baby bed with net",
  "price": 10.99,
  "description": "baby bed with net",
  "category": "Accessory",
  "image": "https://images.meesho.com/images/products/23063813/e2820_512.webp",
  "rating": {
    "rate": 1.9,
    "count": 100
  },
  "product": "baby bed with net",
  "productname": "Yourcull New Born Baby Bed"
},{
  "_id": {
    "$oid": "6461c63dc3350d48807f356f"
  },
  "id": 4,
  "title": "baby bed with net",
  "price": 10.99,
  "description": "baby bed with net",
  "category": "Accessory",
  "image": "https://5.imimg.com/data5/DS/LG/MY-37705725/baby-soft-bed-250x250.jpg",
  "rating": {
    "rate": 1.9,
    "count": 100
  },
  "product": "baby bed with net",
  "productname": "Baby Comfortable Mosquito Bed"
},{
  "_id": {
    "$oid": "6461e75cc3350d48807f3571"
  },
  "id": 5,
  "title": "xxxl diapers",
  "price": 10.99,
  "description": "xxxl diapers",
  "category": "Diaper",
  "image": "https://www.jiomart.com/images/product/600x600/491433859/pampers-all-round-protection-pants-xxl-16-count-15-25-kg-product-images-o491433859-p590106212-0-202301051947.jpg",
  "rating": {
    "rate": 1.9,
    "count": 100
  },
  "product": "xxxl diapers",
  "productname": "Pampers All Round Protection Pants (XXL)"
},{
  "_id": {
    "$oid": "6461ea98c3350d48807f3573"
  },
  "id": 6,
  "title": "xxxl diapers",
  "price": 10.99,
  "description": "xxxl diapers",
  "category": "Diaper",
  "image": "https://m.media-amazon.com/images/I/61-EJdpgTTL._SL1000_.jpg",
  "rating": {
    "rate": 1.9,
    "count": 100
  },
  "product": "xxxl diapers",
  "productname": "Huggies Complete Comfort Wonder Pants,"
},{
  "_id": {
    "$oid": "6461ecc2c3350d48807f3575"
  },
  "id": 7,
  "title": "prongo Educational Toys",
  "price": 10.99,
  "description": "prongo Educational Toys",
  "category": "Educational Toys",
  "image": "https://m.media-amazon.com/images/I/71-vMc9cSDL._SL1340_.jpg",
  "rating": {
    "rate": 1.9,
    "count": 100
  },
  "product": "prongo Educational Toys",
  "productname": "Cottage Educational Toy, "
},{
  "_id": {
    "$oid": "6461ecd5c3350d48807f3577"
  },
  "id": 8,
  "title": "prongo Educational Toys",
  "price": 10.99,
  "description": "prongo Educational Toys",
  "category": "Educational Toys",
  "image": "https://cdn.shopify.com/s/files/1/0463/4050/5764/products/237pure.jpg?v=1649809130",
  "rating": {
    "rate": 1.9,
    "count": 100
  },
  "product": "prongo Educational Toys",
  "productname": "Peg Electric Drill Assemble Toy "
},{
  "_id": {
    "$oid": "6461f8aac3350d48807f3579"
  },
  "id": 9,
  "title": "car bed for kids",
  "price": 10.99,
  "description": "car bed for kids",
  "category": "Toy",
  "image": "https://rukminim1.flixcart.com/image/416/416/k1gr2q80/stuffed-toy/2/x/p/car-baby-car-sofa-toy-kids-bedroom-game-55-gking-original-imafhywgrzqdcgwc.jpeg?q=70",
  "rating": {
    "rate": 1.9,
    "count": 100
  },
  "product": "car bed for kids",
  "productname": "Gking Car Baby Car Sofa Toy Kids Bedroom"
},{
  "_id": {
    "$oid": "6461fe5fc3350d48807f357b"
  },
  "id": 10,
  "title": "car bed for kids",
  "price": 10.99,
  "description": "car bed for kids",
  "category": "Toy",
  "image": "https://media.takealot.com/covers_tsins/61983414/61983414-1-xlpreview.jpeg",
  "rating": {
    "rate": 1.9,
    "count": 100
  },
  "product": "car bed for kids",
  "productname": "King Plush Stuffed Toy Car Comfy Chair Play-Pink"
},{
  "_id": {
    "$oid": "646200bcc3350d48807f357d"
  },
  "id": 11,
  "title": "mamy poko pants xxxl",
  "price": 10.99,
  "description": "mamy poko pants xxxl",
  "category": "Diaper",
  "image": "https://www.netmeds.com/images/product-v1/600x600/900752/mamypoko_pants_standard_xl_13s_0_0.jpg",
  "rating": {
    "rate": 1.9,
    "count": 100
  },
  "product": "mamy poko pants xxxl",
  "productname": "Mamypoko Pants Standard (XL)"
},{
  "_id": {
    "$oid": "646200cac3350d48807f357f"
  },
  "id": 12,
  "title": "mamy poko pants xxxl",
  "price": 10.99,
  "description": "mamy poko pants xxxl",
  "category": "Diaper",
  "image": "https://www.jiomart.com/images/product/600x600/491693737/mamypoko-extra-absorb-pants-xxl-36-count-15-25-kg-product-images-o491693737-p590335034-0-202212220130.jpg",
  "rating": {
    "rate": 1.9,
    "count": 100
  },
  "product": "mamy poko pants xxxl",
  "productname": "MamyPoko Extra Absorb Pants (XXL) "
},{
  "_id": {
    "$oid": "646200d5c3350d48807f3581"
  },
  "id": 13,
  "title": "wooden baby cot",
  "price": 10.99,
  "description": "wooden baby cot",
  "category": "Cot",
  "image": "https://hunyhuny.com/9402-large_default/Best-Baby-Cot-Bed-Online.jpg",
  "rating": {
    "rate": 1.9,
    "count": 100
  },
  "product": "wooden baby cot",
  "productname": "Pinewood Baby Bed Crib 12 in 1 Rocking Cot"
},{
  "_id": {
    "$oid": "646200dec3350d48807f3583"
  },
  "id": 14,
  "title": "wooden baby cot",
  "price": 10.99,
  "description": "wooden baby cot",
  "category": "Cot",
  "image": "https://hunyhuny.com/9405-large_default/Best-Baby-Cot-Bed-Online.jpg",
  "rating": {
    "rate": 1.9,
    "count": 100
  },
  "product": "wooden baby cot",
  "productname": "Super Comfy European Pinewood 12 in 1 Rocking Cot"
},{
  "_id": {
    "$oid": "646200e7c3350d48807f3585"
  },
  "id": 15,
  "title": "babyhug stroller",
  "price": 10.99,
  "description": "babyhug stroller",
  "category": "Baby Gear",
  "image": "https://cdn.fcglcdn.com/brainbees/images/products/438x531/700004a.webp",
  "rating": {
    "rate": 1.9,
    "count": 100
  },
  "product": "babyhug stroller",
  "productname": "Babyhug Cocoon Stroller With Mosquito Net"
},{
  "_id": {
    "$oid": "646200f2c3350d48807f3587"
  },
  "id": 16,
  "title": "babyhug stroller",
  "price": 10.99,
  "description": "babyhug stroller",
  "category": "Baby Gear",
  "image": "https://cdn.fcglcdn.com/brainbees/images/products/438x531/1033683a.webp",
  "rating": {
    "rate": 1.9,
    "count": 100
  },
  "product": "babyhug stroller",
  "productname": "Babyhug Wander Buddy Stroller With Rear Parent Utility Box"
},{
  "_id": {
    "$oid": "6462065dcb84797d3012f971"
  },
  "id": 17,
  "title": "baby cradle automatic swing",
  "price": 10.99,
  "description": "baby cradle automatic swing",
  "category": "Accessory",
  "image": "https://staranddaisy.in/wp-content/uploads/2022/12/ec01updfeb23grey-768x768.jpg",
  "rating": {
    "rate": 1.9,
    "count": 100
  },
  "product": "baby cradle automatic swing",
  "productname": "StarAndDaisy Automatic Baby Cradle Swing Cot with Remote Control,"
},{
  "_id": {
    "$oid": "64620665cb84797d3012f973"
  },
  "id": 18,
  "title": "baby cradle automatic swing\t",
  "price": 10.99,
  "description": "baby cradle automatic swing\t",
  "category": "Accessory",
  "image": "https://cdn.fcglcdn.com/brainbees/images/products/438x531/11702270a.webp",
  "rating": {
    "rate": 1.9,
    "count": 100
  },
  "product": "baby cradle automatic swing\t",
  "productname": "Baybee Automatic Electric Swing Cradle With Adjustable Swing Speed,"
},{
  "_id": {
    "$oid": "64620671cb84797d3012f975"
  },
  "id": 19,
  "title": "mothertouch walker",
  "price": 10.99,
  "description": "mothertouch walker",
  "category": "Accessory",
  "image": "https://cdn.fcglcdn.com/brainbees/images/products/438x531/8010679a.webp",
  "rating": {
    "rate": 1.9,
    "count": 100
  },
  "product": "mothertouch walker",
  "productname": "Mothertouch Smiely Round Walker With Toy Bar "
},{
  "_id": {
    "$oid": "64620683cb84797d3012f977"
  },
  "id": 20,
  "title": "mothertouch walker\t",
  "price": 10.99,
  "description": "mothertouch walker\t",
  "category": "Accessory",
  "image": "https://cdn.fcglcdn.com/brainbees/images/products/438x531/299717a.webp",
  "rating": {
    "rate": 1.9,
    "count": 100
  },
  "product": "mothertouch walker",
  "productname": "Mothertouch Round Walker - Blue"
},{
  "_id": {
    "$oid": "64620692cb84797d3012f979"
  },
  "id": 21,
  "title": "baby girl jacket",
  "price": 10.99,
  "description": "baby girl jacket",
  "category": "Jacket",
  "image": "https://rukminim1.flixcart.com/image/832/832/xif0q/jacket/s/8/l/1-2-years-1-no-r-tl-kids-jac-05-rtl-original-imaghvr7uhqqp3hf.jpeg?q=70",
  "rating": {
    "rate": 1.9,
    "count": 100
  },
  "product": "baby girl jacket",
  "productname": "Baby Girls Solid Casual Jacket"
},{
  "_id": {
    "$oid": "64620afbcb84797d3012f97b"
  },
  "id": 22,
  "title": "baby girl jacket",
  "price": 10.99,
  "description": "baby girl jacket",
  "category": "Jacket",
  "image": "https://m.media-amazon.com/images/I/51yd+Y6JqEL._UX522_.jpg",
  "rating": {
    "rate": 1.9,
    "count": 100
  },
  "product": "baby girl jacket",
  "productname": "Toddler choice baby girls jacket for baby girls and kids"
},{
  "_id": {
    "$oid": "64620b03cb84797d3012f97d"
  },
  "id": 23,
  "title": "babyhug car seat",
  "price": 10.99,
  "description": "babyhug car seat",
  "category": "Accessory",
  "image": "https://cdn.fcglcdn.com/brainbees/images/products/438x531/1773885a.webp",
  "rating": {
    "rate": 1.9,
    "count": 100
  },
  "product": "babyhug car seat",
  "productname": "Babyhug Cruise Convertible Reclining Car Seat with Side Impact Protection - Red & Black"
},{
  "_id": {
    "$oid": "64620b0acb84797d3012f97f"
  },
  "id": 24,
  "title": "babyhug car seat",
  "price": 10.99,
  "description": "babyhug car seat",
  "category": "Accessory",
  "image": "https://cdn.fcglcdn.com/brainbees/images/products/438x531/cc12019a.webp",
  "rating": {
    "rate": 1.9,
    "count": 100
  },
  "product": "babyhug car seat",
  "productname": "Babyhug Safe Journey Forward Facing Car Seat - Blue"
},{
  "_id": {
    "$oid": "64620b13cb84797d3012f981"
  },
  "id": 25,
  "title": "baby house toy",
  "price": 10.99,
  "description": "baby house toy",
  "category": "Toy",
  "image": "https://5.imimg.com/data5/BK/RF/MY-47723433/baby-play-house-500x500.jpg",
  "rating": {
    "rate": 1.9,
    "count": 100
  },
  "product": "baby house toy",
  "productname": "Kinder Art Baby Play House, for School/Play School"
},{
  "_id": {
    "$oid": "64620b1dcb84797d3012f983"
  },
  "id": 26,
  "title": "baby house toy",
  "price": 10.99,
  "description": "baby house toy",
  "category": "Toy",
  "image": "https://s.alicdn.com/@sc04/kf/Hdcb51824aaa2466a9aecd78b38ed2936K.png_250x250.png",
  "rating": {
    "rate": 1.9,
    "count": 100
  },
  "product": "baby house toy",
  "productname": "Doll House Miniatures Diy Girls House for Kids Pretend Play Set House Toys Kids Furniture Toys Baby Toy"
},{
  "_id": {
    "$oid": "64620b26cb84797d3012f985"
  },
  "id": 27,
  "title": "baby bassinet",
  "price": 10.99,
  "description": "baby bassinet",
  "category": "Accessory",
  "image": "https://m.media-amazon.com/images/I/81jg+uRSllS._SY355_.jpg",
  "rating": {
    "rate": 1.9,
    "count": 100
  },
  "product": "baby bassinet",
  "productname": "TCBunny 2-in-1 Baby Bassinet & Bedside Sleeper,"
},{
  "_id": {
    "$oid": "64620b2fcb84797d3012f987"
  },
  "id": 28,
  "title": "baby bassinet",
  "price": 10.99,
  "description": "baby bassinet",
  "category": "Accessory",
  "image": "https://m.media-amazon.com/images/I/81xTqeg3CVL._SX425_.jpg",
  "rating": {
    "rate": 1.9,
    "count": 100
  },
  "product": "baby bassinet",
  "productname": "BAYBEE Cradella Cradle for Baby Cot,"
},{
  "_id": {
    "$oid": "64620b37cb84797d3012f989"
  },
  "id": 29,
  "title": "baby bouncer and rocker\t",
  "price": 10.99,
  "description": "baby bouncer and rocker\t",
  "category": "Accessory",
  "image": "https://m.media-amazon.com/images/I/71WXLRvJEoL._SX425_.jpg",
  "rating": {
    "rate": 1.9,
    "count": 100
  },
  "product": "baby bouncer and rocker",
  "productname": "Baybee Nora Baby Rocker and Bouncer Chair"
},{
  "_id": {
    "$oid": "64620b3ecb84797d3012f98b"
  },
  "id": 30,
  "title": "baby bouncer and rocker\t",
  "price": 10.99,
  "description": "baby bouncer and rocker\t",
  "category": "Accessory",
  "image": "https://cdn.fcglcdn.com/brainbees/images/products/438x531/10809610a.webp",
  "rating": {
    "rate": 1.9,
    "count": 100
  },
  "product": "baby bouncer and rocker",
  "productname": "DOMENICO Portable Zebra Print Rocker Chair and Vibration Musical Mode"
},{
  "_id": {
    "$oid": "64620b48cb84797d3012f98d"
  },
  "id": 31,
  "title": "baby booster chair",
  "price": 10.99,
  "description": "baby booster chair",
  "category": "Accessory",
  "image": "https://cdn.fcglcdn.com/brainbees/images/products/438x531/8732294a.webp",
  "rating": {
    "rate": 1.9,
    "count": 100
  },
  "product": "baby booster chair",
  "productname": "Babyhug Booster Chair with Cushion - Pink"
},{
  "_id": {
    "$oid": "64620b51cb84797d3012f98f"
  },
  "id": 32,
  "title": "baby booster chair",
  "price": 10.99,
  "description": "baby booster chair",
  "category": "Accessory",
  "image": "https://www.chicco.in/dw/image/v2/BGMM_PRD/on/demandware.static/-/Sites-chicco-master/default/dwb2f6a9a5/ed-Activity-and-Entertainment/Highchairs-and-Booster-Seats/Chairy-booster/8058664123803-Chairy-Ladybug/feeding-chairy-booster-seat-red-1.jpg?sw=800&sh=800&sm=fit",
  "rating": {
    "rate": 1.9,
    "count": 100
  },
  "product": "baby booster chair",
  "productname": "Chairy Booster Seat (Lady Bug, Red)"
}]